head_forward_x,head_forward_y,neck_angle,spine_tilt,shoulder_hip_distance,shoulder_forward_offset,hip_tilt,trunk_to_hip_angle,torso_lean_x,torso_lean_y,com_shift_x,label,timestamp
0.162,-0.751,1.568,-1.551,1.000,0.019,-3.103,1.360,0.019,-0.978,0.009,neutral,1758901424967
0.106,-0.699,1.650,-1.498,1.000,0.073,-3.099,1.329,0.073,-0.994,0.036,neutral,1758901426438
0.105,-0.707,1.636,-1.495,1.000,0.075,-3.099,1.332,0.075,-0.988,0.037,neutral,1758901427100
0.091,-0.706,1.646,-1.448,1.000,0.115,-3.053,1.317,0.115,-0.933,0.057,neutral,1758901427628
0.085,-0.717,1.661,-1.489,1.000,0.080,-3.099,1.321,0.080,-0.973,0.040,neutral,1758901428206
0.095,-0.725,1.632,-1.507,1.000,0.062,-3.102,1.322,0.062,-0.981,0.031,neutral,1758901428844
-0.010,-0.414,1.455,-1.598,1.000,-0.027,-3.141,1.364,-0.027,-0.998,-0.014,neutral,1758902345758
0.028,-0.431,1.442,-1.491,1.000,0.082,-3.116,1.451,0.082,-1.020,0.041,neutral,1758902349477
0.058,-0.471,1.376,-1.449,1.000,0.128,-3.098,1.484,0.128,-1.047,0.064,neutral,1758902350734
0.005,-0.427,1.457,-1.566,1.000,0.005,-3.131,1.388,0.005,-0.995,0.002,neutral,1758902352193
-0.031,-0.359,1.434,-1.674,1.000,-0.100,3.111,1.340,-0.100,-0.970,-0.050,neutral,1758902353361
-0.063,-0.339,1.377,-1.724,1.000,-0.147,3.074,1.330,-0.147,-0.952,-0.074,neutral,1758902354459
0.172,-0.517,1.266,-1.685,1.000,-0.120,3.014,1.572,-0.120,-1.050,-0.060,neutral,1758902368008
0.358,-0.542,1.085,-1.608,1.000,-0.039,2.982,1.769,-0.039,-1.042,-0.020,neutral,1758902369199
0.285,-0.473,1.027,-1.636,1.000,-0.068,2.958,1.756,-0.068,-1.033,-0.034,neutral,1758902371137
0.207,-0.443,1.029,-1.664,1.000,-0.099,3.034,1.603,-0.099,-1.060,-0.050,neutral,1758902403612
0.233,-0.441,1.018,-1.667,1.000,-0.103,3.039,1.613,-0.103,-1.062,-0.051,neutral,1758902404116
0.219,-0.433,1.004,-1.654,1.000,-0.087,3.036,1.621,-0.087,-1.051,-0.044,neutral,1758902404702
0.239,-0.448,0.885,-1.655,1.000,-0.088,2.986,1.700,-0.088,-1.041,-0.044,neutral,1758902408349
0.275,-0.435,0.656,-1.600,1.000,-0.030,2.921,1.843,-0.030,-1.039,-0.015,neutral,1758902411170
0.264,-0.356,0.446,-1.608,1.000,-0.038,2.915,1.867,-0.038,-1.009,-0.019,neutral,1758902416128
0.104,-0.279,1.094,-1.524,1.000,0.045,2.751,1.972,0.045,-0.946,0.022,slouched,1758902612361
0.361,-0.325,0.519,-1.468,1.000,0.104,3.020,1.926,0.104,-1.007,0.052,head_forward,1758902620567
0.153,-0.408,0.872,-1.528,1.000,0.044,2.923,1.799,0.044,-1.032,0.022,head_forward,1758902621900
-0.196,-0.406,0.865,-1.477,1.000,0.097,-2.717,0.991,0.097,-1.033,0.049,slouched,1758902646528
-0.356,-0.333,0.386,-1.556,1.000,0.016,-2.819,0.919,0.016,-1.035,0.008,head_forward,1758902650215
-0.291,-0.328,0.349,-1.563,1.000,0.008,-2.736,0.883,0.008,-1.023,0.004,head_forward,1758902651692
0.026,-0.507,1.494,-1.610,1.000,-0.040,3.105,1.414,-0.040,-1.024,-0.020,neutral,1758905169928
0.021,-0.537,1.454,-1.585,1.000,-0.015,3.115,1.415,-0.015,-1.034,-0.007,neutral,1758905171195
0.028,-0.522,1.477,-1.620,1.000,-0.050,3.120,1.388,-0.050,-1.025,-0.025,neutral,1758905172179
0.097,-0.556,1.383,-1.694,1.000,-0.126,3.019,1.489,-0.126,-1.021,-0.063,neutral,1758905175250
0.228,-0.547,1.285,-1.633,1.000,-0.065,3.017,1.598,-0.065,-1.038,-0.033,neutral,1758905176232
0.259,-0.573,1.105,-1.639,1.000,-0.073,2.890,1.760,-0.073,-1.069,-0.036,neutral,1758905178325
0.276,-0.577,1.110,-1.635,1.000,-0.069,2.902,1.761,-0.069,-1.070,-0.035,neutral,1758905179092
0.291,-0.556,0.870,-1.568,1.000,0.003,2.909,1.834,0.003,-1.053,0.001,neutral,1758905182489
0.304,-0.541,0.809,-1.554,1.000,0.018,2.917,1.851,0.018,-1.060,0.009,neutral,1758905183413
0.282,-0.451,0.560,-1.595,1.000,-0.025,2.785,2.006,-0.025,-1.026,-0.013,neutral,1758905186528
0.299,-0.468,0.659,-1.617,1.000,-0.048,2.776,2.004,-0.048,-1.034,-0.024,neutral,1758905187402
0.253,-0.351,0.159,-1.575,1.000,-0.004,2.545,2.319,-0.004,-1.004,-0.002,neutral,1758905190712
0.274,-0.359,0.126,-1.604,1.000,-0.033,2.552,2.305,-0.033,-1.006,-0.017,neutral,1758905191646
0.262,-0.368,0.061,-1.622,1.000,-0.052,2.334,2.513,-0.052,-0.997,-0.026,neutral,1758905195621
0.247,-0.363,0.087,-1.630,1.000,-0.059,2.150,2.688,-0.059,-1.001,-0.030,neutral,1758905196486
0.249,-0.340,0.319,-1.658,1.000,-0.087,0.746,2.168,-0.087,-0.991,-0.043,neutral,1758905199516
0.243,-0.311,0.321,-1.643,1.000,-0.072,0.888,2.304,-0.072,-0.986,-0.036,neutral,1758905200446
-0.181,-0.476,1.242,-1.535,1.000,0.034,-2.977,1.147,0.034,-0.966,0.017,neutral,1758905208656
-0.165,-0.483,1.219,-1.540,1.000,0.029,-2.975,1.153,0.029,-0.962,0.015,neutral,1758905209243
-0.250,-0.441,0.829,-1.534,1.000,0.036,-2.898,1.073,0.036,-0.972,0.018,neutral,1758905211734
-0.270,-0.439,0.751,-1.543,1.000,0.026,-2.893,1.052,0.026,-0.966,0.013,neutral,1758905212608
-0.292,-0.339,0.075,-1.444,1.000,0.124,-2.337,0.623,0.124,-0.978,0.062,neutral,1758905215526
-0.301,-0.372,0.175,-1.497,1.000,0.073,-2.553,0.783,0.073,-0.985,0.036,neutral,1758905216378
-0.336,-0.377,0.071,-1.396,1.000,0.169,-2.062,0.356,0.169,-0.955,0.084,neutral,1758905218844
-0.274,-0.330,0.106,-1.440,1.000,0.129,-2.339,0.638,0.129,-0.974,0.064,neutral,1758905219628
-0.278,-0.339,0.037,-1.502,1.000,0.068,-2.328,0.582,0.068,-0.989,0.034,neutral,1758905222219
-0.277,-0.320,0.047,-1.534,1.000,0.036,-2.400,0.629,0.036,-0.988,0.018,neutral,1758905222884
-0.193,-0.337,0.153,-1.570,1.000,0.001,-2.431,0.693,0.001,-0.988,0.001,neutral,1758905235613
-0.192,-0.338,0.272,-1.575,1.000,-0.004,-2.627,0.872,-0.004,-0.988,-0.002,neutral,1758905236521
-0.121,-0.407,0.855,-1.549,1.000,0.021,-2.884,1.159,0.021,-0.990,0.011,neutral,1758905238170
-0.129,-0.451,0.934,-1.550,1.000,0.020,-2.830,1.081,0.020,-0.965,0.010,neutral,1758905238870
-0.156,-0.414,0.884,-1.600,1.000,-0.029,-2.953,1.139,-0.029,-0.989,-0.014,neutral,1758905240430
-0.133,-0.433,1.040,-1.641,1.000,-0.068,-2.924,1.097,-0.068,-0.975,-0.034,neutral,1758905241122
-0.130,-0.458,1.084,-1.631,1.000,-0.058,-2.980,1.134,-0.058,-0.968,-0.029,neutral,1758905242446
-0.116,-0.482,1.094,-1.607,1.000,-0.035,-2.962,1.140,-0.035,-0.978,-0.018,neutral,1758905243070
-0.094,-0.504,1.292,-1.630,1.000,-0.057,-3.003,1.173,-0.057,-0.952,-0.028,neutral,1758905244220
-0.097,-0.478,1.274,-1.668,1.000,-0.094,-3.013,1.147,-0.094,-0.965,-0.047,neutral,1758905244787
-0.055,-0.510,1.399,-1.557,1.000,0.013,-3.012,1.243,0.013,-0.952,0.007,neutral,1758905245971
-0.093,-0.483,1.351,-1.587,1.000,-0.015,-3.011,1.200,-0.015,-0.940,-0.007,neutral,1758905246499
-0.082,-0.525,1.413,-1.545,1.000,0.025,-3.085,1.297,0.025,-0.948,0.012,neutral,1758905247739
-0.065,-0.502,1.412,-1.554,1.000,0.016,-3.112,1.341,0.016,-0.957,0.008,neutral,1758905248263
-0.009,-0.518,1.477,-1.543,1.000,0.027,-3.096,1.358,0.027,-0.967,0.014,neutral,1758905249163
-0.041,-0.519,1.461,-1.566,1.000,0.005,-3.102,1.329,0.005,-0.973,0.003,neutral,1758905249599
-0.068,-0.487,1.548,-1.665,1.000,-0.091,3.139,1.281,-0.091,-0.969,-0.046,neutral,1758905250942
-0.054,-0.498,1.483,-1.622,1.000,-0.051,3.139,1.326,-0.051,-0.987,-0.025,neutral,1758905251401
-0.040,-0.375,1.648,-1.573,1.000,-0.002,-3.103,1.301,-0.002,-0.979,-0.001,head_forward,1758905354540
-0.042,-0.387,1.624,-1.572,1.000,-0.001,-3.097,1.296,-0.001,-0.971,-0.000,head_forward,1758905354982
0.217,-0.350,1.495,-1.569,1.000,0.002,3.083,1.598,0.002,-1.010,0.001,head_forward,1758905357966
0.194,-0.370,1.487,-1.583,1.000,-0.013,3.076,1.570,-0.013,-1.016,-0.006,head_forward,1758905358437
0.343,-0.362,1.178,-1.606,1.000,-0.037,3.045,1.704,-0.037,-1.040,-0.018,head_forward,1758905361476
0.326,-0.377,1.233,-1.595,1.000,-0.026,3.052,1.684,-0.026,-1.060,-0.013,head_forward,1758905361922
0.405,-0.279,0.863,-1.496,1.000,0.078,3.112,1.788,0.078,-1.041,0.039,head_forward,1758905364577
0.407,-0.307,0.882,-1.502,1.000,0.072,3.119,1.770,0.072,-1.040,0.036,head_forward,1758905364950
0.437,-0.273,0.522,-1.450,1.000,0.123,3.047,1.945,0.123,-1.019,0.062,head_forward,1758905367754
0.426,-0.284,0.586,-1.447,1.000,0.127,3.098,1.875,0.127,-1.024,0.063,head_forward,1758905368183
0.381,-0.263,0.318,-1.473,1.000,0.099,3.005,1.967,0.099,-1.010,0.049,head_forward,1758905370475
0.493,-0.236,0.229,-1.439,1.000,0.136,2.954,2.123,0.136,-1.023,0.068,head_forward,1758905371010
0.362,-0.222,0.240,-1.598,1.000,-0.028,2.680,2.234,-0.028,-1.031,-0.014,head_forward,1758905373713
0.365,-0.264,0.239,-1.606,1.000,-0.036,2.618,2.286,-0.036,-1.031,-0.018,head_forward,1758905374187
0.344,-0.250,0.008,-1.648,1.000,-0.081,2.166,2.723,-0.081,-1.046,-0.040,head_forward,1758905376028
0.398,-0.203,0.086,-1.603,1.000,-0.033,2.160,2.827,-0.033,-1.018,-0.016,head_forward,1758905376711
-0.354,-0.374,1.168,-1.545,1.000,0.024,-3.030,1.046,0.024,-0.939,0.012,head_forward,1758905382597
-0.359,-0.391,1.190,-1.518,1.000,0.050,-3.038,1.074,0.050,-0.946,0.025,head_forward,1758905383047
-0.276,-0.312,1.375,-1.620,1.000,-0.046,-3.009,1.020,-0.046,-0.939,-0.023,head_forward,1758905386551
-0.296,-0.351,1.251,-1.564,1.000,0.006,-2.945,0.998,0.006,-0.940,0.003,head_forward,1758905386978
-0.396,-0.313,0.712,-1.573,1.000,-0.002,-2.973,0.967,-0.002,-0.958,-0.001,head_forward,1758905390327
-0.395,-0.336,0.704,-1.571,1.000,-0.001,-2.997,1.006,-0.001,-0.966,-0.000,head_forward,1758905390747
-0.406,-0.169,0.211,-1.678,1.000,-0.107,-2.988,0.941,-0.107,-0.988,-0.053,head_forward,1758905393475
-0.393,-0.192,0.279,-1.679,1.000,-0.108,-2.924,0.892,-0.108,-0.989,-0.054,head_forward,1758905393910
-0.418,-0.137,0.006,-1.732,1.000,-0.158,-2.645,0.564,-0.158,-0.967,-0.079,head_forward,1758905396235
-0.416,-0.169,0.078,-1.749,1.000,-0.173,-2.698,0.613,-0.173,-0.963,-0.087,head_forward,1758905396715
-0.511,-0.227,0.001,-1.696,1.000,-0.123,-2.375,0.302,-0.123,-0.971,-0.061,head_forward,1758905398713
-0.515,-0.215,0.052,-1.710,1.000,-0.136,-2.372,0.287,-0.136,-0.976,-0.068,head_forward,1758905399190
-0.386,-0.107,0.077,-1.594,1.000,-0.023,-2.162,0.225,-0.023,-0.982,-0.012,head_forward,1758905401959
-0.375,-0.116,0.111,-1.611,1.000,-0.040,-1.377,0.544,-0.040,-0.986,-0.020,head_forward,1758905402402
-0.378,-0.083,0.326,-1.827,1.000,-0.247,-0.488,1.560,-0.247,-0.941,-0.123,head_forward,1758905404948
-0.370,-0.090,0.386,-1.836,1.000,-0.255,-0.414,1.624,-0.255,-0.937,-0.127,head_forward,1758905405368
-0.335,-0.129,0.492,-1.775,1.000,-0.196,-0.343,1.598,-0.196,-0.948,-0.098,head_forward,1758905410204
-0.322,-0.134,0.549,-1.793,1.000,-0.214,-0.338,1.593,-0.214,-0.945,-0.107,head_forward,1758905410596
-0.296,-0.131,0.740,-1.820,1.000,-0.241,-0.296,1.622,-0.241,-0.946,-0.121,head_forward,1758905416574
-0.302,-0.131,0.717,-1.808,1.000,-0.225,-0.335,1.588,-0.225,-0.931,-0.113,head_forward,1758905417011
0.268,-0.324,0.484,-1.608,1.000,-0.038,2.517,2.320,-0.038,-1.027,-0.019,slouched,1758905733459
0.396,-0.242,0.118,-1.524,1.000,0.047,2.528,2.488,0.047,-1.014,0.024,slouched,1758905734887
0.392,-0.190,0.169,-1.447,1.000,0.126,2.564,2.511,0.126,-1.009,0.063,slouched,1758905736109
0.403,-0.094,0.122,-1.348,1.000,0.226,2.394,2.817,0.226,-1.000,0.113,slouched,1758905737257
0.534,0.059,0.225,-1.034,1.000,0.514,2.426,3.076,0.514,-0.863,0.257,slouched,1758905738462
0.505,0.149,0.222,-0.869,1.000,0.649,2.511,2.993,0.649,-0.767,0.324,slouched,1758905739532
0.498,0.321,0.103,-0.735,1.000,0.754,2.018,2.272,0.754,-0.681,0.377,slouched,1758905740489
0.385,0.331,0.237,-0.485,1.000,0.893,2.364,2.444,0.893,-0.471,0.447,slouched,1758905741935
0.439,-0.158,0.488,-1.257,1.000,0.311,1.034,1.967,0.311,-0.956,0.155,slouched,1758905746648
0.524,-0.080,0.485,-1.171,1.000,0.382,1.463,2.251,0.382,-0.905,0.191,slouched,1758905747675
0.538,-0.001,0.459,-0.936,1.000,0.585,1.350,1.918,0.585,-0.795,0.293,slouched,1758905748741
0.527,0.049,0.373,-0.869,1.000,0.649,1.885,2.404,0.649,-0.768,0.325,slouched,1758905749687
0.468,0.135,0.296,-0.787,1.000,0.700,1.431,1.847,0.700,-0.703,0.350,slouched,1758905750590
0.484,0.179,0.228,-0.746,1.000,0.741,1.966,2.331,0.741,-0.684,0.370,slouched,1758905751609
0.422,0.223,0.159,-0.603,1.000,0.832,1.813,2.063,0.832,-0.573,0.416,slouched,1758905752644
0.273,-0.243,0.827,-1.704,1.000,-0.127,0.663,2.066,-0.127,-0.947,-0.064,slouched,1758905892318
0.336,-0.037,0.715,-1.439,1.000,0.129,0.250,1.254,0.129,-0.967,0.064,slouched,1758905893788
0.305,0.101,0.312,-1.229,1.000,0.345,0.310,1.148,0.345,-0.968,0.172,slouched,1758905894787
0.377,0.134,0.017,-1.083,1.000,0.480,0.523,1.175,0.480,-0.905,0.240,slouched,1758905896159
0.267,0.147,0.278,-0.768,1.000,0.763,0.633,1.080,0.763,-0.738,0.382,slouched,1758905897201
0.175,0.090,0.058,-0.403,1.000,0.916,0.114,0.371,0.916,-0.390,0.458,slouched,1758905898377
0.201,0.221,0.164,-0.497,1.000,0.864,0.597,0.727,0.864,-0.468,0.432,slouched,1758905900294
0.233,-0.230,1.101,-1.688,1.000,-0.114,0.197,1.581,-0.114,-0.962,-0.057,slouched,1758905942149
0.304,-0.151,0.789,-1.659,1.000,-0.085,0.264,1.570,-0.085,-0.964,-0.042,slouched,1758905943315
0.338,-0.173,0.890,-1.488,1.000,0.083,0.499,1.636,0.083,-1.001,0.042,slouched,1758905944406
0.341,-0.036,0.723,-1.195,1.000,0.390,0.537,1.404,0.390,-0.988,0.195,slouched,1758905945646
0.326,0.106,0.133,-0.933,1.000,0.619,0.468,1.030,0.619,-0.835,0.310,slouched,1758905946667
0.366,0.089,0.095,-1.098,1.000,0.479,0.415,1.128,0.479,-0.936,0.240,slouched,1758905947700
0.276,-0.066,1.010,-1.308,1.000,0.267,0.391,1.379,0.267,-0.991,0.133,slouched,1758905948903
0.312,0.052,0.480,-0.910,1.000,0.623,0.375,0.968,0.623,-0.801,0.312,slouched,1758905950156
0.299,0.201,0.008,-0.845,1.000,0.653,0.423,0.843,0.653,-0.736,0.327,slouched,1758905951665
-0.406,-0.111,0.067,-1.557,1.000,0.013,-2.821,0.864,0.013,-0.983,0.007,slouched,1758906030165
-0.515,0.022,0.046,-1.601,1.000,-0.030,-2.851,0.716,-0.030,-0.984,-0.015,slouched,1758906031638
-0.505,-0.041,0.113,-2.024,1.000,-0.423,-2.869,0.470,-0.423,-0.870,-0.212,slouched,1758906032816
-0.552,-0.037,0.061,-2.251,1.000,-0.616,-2.901,0.347,-0.616,-0.762,-0.308,slouched,1758906033950
-0.514,0.063,0.038,-2.283,1.000,-0.658,-1.686,0.903,-0.658,-0.763,-0.329,slouched,1758906034940
-0.485,0.147,0.132,-2.299,1.000,-0.661,-2.799,0.128,-0.661,-0.741,-0.330,slouched,1758906036083
-0.465,-0.192,0.266,-2.023,1.000,-0.433,-2.969,0.653,-0.433,-0.890,-0.216,slouched,1758906037119
-0.293,-0.343,0.601,-1.692,1.000,-0.117,-2.815,0.887,-0.117,-0.962,-0.059,slouched,1758906040582
-0.329,-0.170,0.223,-1.911,1.000,-0.329,-2.458,0.336,-0.329,-0.929,-0.165,slouched,1758906041536
-0.392,-0.117,0.525,-2.082,1.000,-0.475,-2.949,0.578,-0.475,-0.847,-0.238,slouched,1758906042637
-0.442,-0.068,0.424,-2.193,1.000,-0.546,-2.921,0.427,-0.546,-0.762,-0.273,slouched,1758906043525
-0.563,-0.009,0.098,-2.232,1.000,-0.615,-2.982,0.396,-0.615,-0.790,-0.307,slouched,1758906044578
-0.448,0.105,0.039,-2.369,1.000,-0.720,-2.841,0.162,-0.720,-0.701,-0.360,slouched,1758906045607
-0.027,-0.467,1.438,-1.575,1.000,-0.004,-3.127,1.364,-0.004,-0.981,-0.002,neutral,1758906210602
-0.017,-0.499,1.422,-1.601,1.000,-0.030,-3.141,1.365,-0.030,-0.999,-0.015,neutral,1758906213549
0.025,-0.496,1.418,-1.630,1.000,-0.060,3.087,1.420,-0.060,-1.006,-0.030,neutral,1758906215652
0.045,-0.508,1.233,-1.647,1.000,-0.079,2.994,1.546,-0.079,-1.030,-0.039,neutral,1758906219985
0.092,-0.520,1.057,-1.660,1.000,-0.094,2.959,1.601,-0.094,-1.054,-0.047,neutral,1758906222593
0.257,-0.494,0.880,-1.643,1.000,-0.074,2.999,1.708,-0.074,-1.017,-0.037,neutral,1758906226295
0.314,-0.504,0.626,-1.637,1.000,-0.068,2.854,1.917,-0.068,-1.031,-0.034,neutral,1758906229350
0.283,-0.431,0.417,-1.673,1.000,-0.103,2.827,1.936,-0.103,-1.008,-0.051,neutral,1758906231668
0.279,-0.352,0.049,-1.667,1.000,-0.097,2.253,2.578,-0.097,-1.005,-0.049,neutral,1758906234350
0.267,-0.337,0.030,-1.676,1.000,-0.107,2.338,2.474,-0.107,-1.011,-0.053,neutral,1758906243528
-0.032,-0.498,1.439,-1.549,1.000,0.021,-3.116,1.363,0.021,-0.975,0.011,neutral,1758906257230
-0.076,-0.491,1.418,-1.521,1.000,0.048,-3.080,1.323,0.048,-0.976,0.024,neutral,1758906260571
-0.075,-0.497,1.390,-1.548,1.000,0.023,-3.087,1.306,0.023,-0.980,0.011,neutral,1758906263629
-0.169,-0.476,1.307,-1.587,1.000,-0.016,-3.067,1.203,-0.016,-0.982,-0.008,neutral,1758906266945
-0.266,-0.471,1.135,-1.578,1.000,-0.007,-3.029,1.119,-0.007,-0.971,-0.004,neutral,1758906269504
-0.190,-0.476,1.130,-1.578,1.000,-0.007,-3.000,1.147,-0.007,-0.960,-0.003,neutral,1758906271995
-0.299,-0.456,0.895,-1.545,1.000,0.025,-2.973,1.076,0.025,-0.953,0.012,neutral,1758906274444
-0.276,-0.458,0.827,-1.547,1.000,0.023,-2.964,1.104,0.023,-0.965,0.011,neutral,1758906278538
-0.280,-0.409,0.632,-1.529,1.000,0.040,-2.936,1.108,0.040,-0.955,0.020,neutral,1758906282538
-0.306,-0.395,0.597,-1.464,1.000,0.101,-2.887,1.080,0.101,-0.947,0.051,neutral,1758906289425
-0.293,-0.388,0.301,-1.433,1.000,0.135,-2.813,1.072,0.135,-0.974,0.068,neutral,1758906296745
-0.315,-0.373,0.217,-1.372,1.000,0.193,-2.717,0.999,0.193,-0.961,0.097,neutral,1758906299439
-0.276,-0.300,0.035,-1.384,1.000,0.185,-2.517,0.857,0.185,-0.975,0.092,neutral,1758906306151
-0.061,-0.394,1.627,-1.513,1.000,0.056,-3.064,1.309,0.056,-0.964,0.028,head_forward,1758906340318
0.078,-0.393,1.622,-1.600,1.000,-0.028,3.133,1.435,-0.028,-0.978,-0.014,head_forward,1758906345307
0.210,-0.325,1.564,-1.497,1.000,0.075,3.041,1.703,0.075,-1.008,0.037,head_forward,1758906350577
0.248,-0.373,1.381,-1.483,1.000,0.090,3.033,1.741,0.090,-1.015,0.045,head_forward,1758906354087
0.350,-0.445,1.067,-1.553,1.000,0.018,3.002,1.792,0.018,-1.046,0.009,head_forward,1758906362530
0.387,-0.403,0.883,-1.536,1.000,0.036,2.969,1.907,0.036,-1.037,0.018,head_forward,1758906367620
0.343,-0.467,0.806,-1.630,1.000,-0.063,2.962,1.810,-0.063,-1.049,-0.031,head_forward,1758906390133
0.462,-0.308,0.532,-1.568,1.000,0.003,2.931,1.996,0.003,-1.031,0.001,head_forward,1758906394248
0.516,-0.223,0.427,-1.535,1.000,0.037,2.953,2.051,0.037,-1.037,0.019,head_forward,1758906396625
0.480,-0.299,0.506,-1.603,1.000,-0.033,2.945,1.965,-0.033,-1.035,-0.017,head_forward,1758906398407
0.441,-0.356,0.354,-1.606,1.000,-0.036,2.840,2.069,-0.036,-1.023,-0.018,head_forward,1758906408643
-0.399,-0.426,0.707,-1.460,1.000,0.105,-2.955,1.047,0.105,-0.944,0.053,head_forward,1758906455494
-0.453,-0.350,0.629,-1.486,1.000,0.081,-2.973,0.998,0.081,-0.954,0.041,head_forward,1758906458244
-0.485,-0.275,0.541,-1.492,1.000,0.076,-2.985,0.965,0.076,-0.954,0.038,head_forward,1758906460026
-0.424,-0.364,0.500,-1.540,1.000,0.030,-2.947,0.995,0.030,-0.966,0.015,head_forward,1758906465634
-0.497,-0.314,0.463,-1.572,1.000,-0.001,-3.014,0.970,-0.001,-0.964,-0.001,head_forward,1758906468386
-0.454,-0.343,0.240,-1.625,1.000,-0.053,-2.847,0.851,-0.053,-0.983,-0.027,head_forward,1758906470555
-0.500,-0.242,0.220,-1.638,1.000,-0.065,-2.851,0.789,-0.065,-0.965,-0.032,head_forward,1758906471179
0.071,0.200,2.352,-1.497,1.000,0.071,3.136,1.387,0.071,-0.963,0.036,slouched,1758906518828
0.152,-0.284,1.949,-1.468,1.000,0.100,3.077,1.615,0.100,-0.970,0.050,slouched,1758906535696
0.257,-0.005,3.139,-1.423,1.000,0.142,3.094,1.743,0.142,-0.957,0.071,slouched,1758906537129
0.168,0.159,2.389,-1.306,1.000,0.244,3.094,1.826,0.244,-0.897,0.122,slouched,1758906538774
0.192,0.190,2.306,-1.289,1.000,0.259,3.123,1.841,0.259,-0.893,0.129,slouched,1758906539612
0.346,-0.106,1.935,-1.396,1.000,0.172,3.020,1.948,0.172,-0.970,0.086,slouched,1758906545559
0.393,-0.015,2.808,-1.374,1.000,0.189,3.036,2.015,0.189,-0.948,0.094,slouched,1758906546650
0.195,-0.411,1.464,-1.479,1.000,0.092,3.004,1.738,0.092,-0.997,0.046,slouched,1758906547799
0.426,-0.244,0.987,-1.367,1.000,0.197,3.029,2.003,0.197,-0.950,0.098,slouched,1758906553136
0.400,0.090,0.687,-1.137,1.000,0.411,3.059,2.297,0.411,-0.888,0.206,slouched,1758906557244
0.410,0.219,0.816,-1.012,1.000,0.509,3.067,2.516,0.509,-0.814,0.254,slouched,1758906558439
0.411,0.199,0.852,-1.005,1.000,0.512,3.087,2.479,0.512,-0.807,0.256,slouched,1758906559077
0.474,-0.051,0.097,-1.016,1.000,0.514,2.965,2.509,0.514,-0.829,0.257,slouched,1758906565854
0.496,0.027,0.258,-0.981,1.000,0.541,2.965,2.617,0.541,-0.809,0.270,slouched,1758906566906
0.515,-0.034,0.101,-1.243,1.000,0.317,2.893,2.438,0.317,-0.931,0.159,slouched,1758906584656
0.512,0.163,0.617,-1.003,1.000,0.508,2.900,2.769,0.508,-0.797,0.254,slouched,1758906585924
0.505,0.227,0.444,-0.774,1.000,0.719,2.902,2.989,0.719,-0.702,0.359,slouched,1758906587285
0.367,-0.364,0.514,-1.519,1.000,0.055,2.693,2.202,0.055,-1.047,0.027,slouched,1758906607726
0.321,-0.251,0.997,-1.351,1.000,0.226,2.799,2.182,0.226,-1.013,0.113,slouched,1758906610114
0.327,-0.460,0.769,-1.569,1.000,0.002,2.781,2.039,0.002,-1.044,0.001,slouched,1758906611365
0.299,-0.409,1.251,-1.484,1.000,0.088,2.987,1.818,0.088,-1.003,0.044,slouched,1758906615414
0.247,-0.389,1.272,-1.371,1.000,0.199,2.959,1.898,0.199,-0.982,0.099,slouched,1758906676859
0.301,-0.372,1.413,-1.459,1.000,0.110,3.055,1.783,0.110,-0.981,0.055,slouched,1758906680474
0.486,-0.476,0.956,-1.522,1.000,0.049,3.021,1.885,0.049,-0.990,0.024,slouched,1758906685971
-0.252,-0.478,0.707,-1.397,1.000,0.169,-2.854,1.127,0.169,-0.964,0.085,slouched,1758906689920
-0.365,-0.303,0.877,-1.748,1.000,-0.175,-2.941,0.848,-0.175,-0.976,-0.087,slouched,1758906691344
-0.356,-0.318,0.886,-1.772,1.000,-0.195,-2.978,0.877,-0.195,-0.957,-0.098,slouched,1758906692268
-0.418,-0.253,0.697,-1.868,1.000,-0.284,-2.984,0.773,-0.284,-0.926,-0.142,slouched,1758906693055
-0.447,-0.047,0.208,-1.930,1.000,-0.342,-2.860,0.522,-0.342,-0.909,-0.171,slouched,1758906696081
-0.440,-0.080,0.399,-1.888,1.000,-0.301,-2.952,0.637,-0.301,-0.916,-0.150,slouched,1758906696752
-0.426,-0.073,0.360,-1.887,1.000,-0.298,-2.951,0.643,-0.298,-0.912,-0.149,slouched,1758906697230
-0.470,-0.152,0.207,-1.908,1.000,-0.314,-2.832,0.552,-0.314,-0.896,-0.157,slouched,1758906697656
-0.388,-0.322,0.382,-1.763,1.000,-0.184,-2.855,0.785,-0.184,-0.944,-0.092,slouched,1758906699184
-0.385,-0.330,0.329,-1.659,1.000,-0.086,-2.710,0.735,-0.086,-0.966,-0.043,slouched,1758906699814
-0.351,-0.326,0.461,-1.629,1.000,-0.056,-2.759,0.816,-0.056,-0.957,-0.028,slouched,1758906700237
-0.328,-0.323,0.437,-1.694,1.000,-0.117,-2.733,0.763,-0.117,-0.945,-0.058,slouched,1758906700675
-0.277,-0.341,0.544,-1.599,1.000,-0.026,-2.770,0.894,-0.026,-0.945,-0.013,slouched,1758906701110
-0.288,-0.347,0.551,-1.584,1.000,-0.013,-2.800,0.927,-0.013,-0.948,-0.006,slouched,1758906701469
-0.353,-0.345,0.406,-1.604,1.000,-0.031,-2.765,0.835,-0.031,-0.950,-0.016,slouched,1758906701815
-0.446,-0.161,0.061,-1.650,1.000,-0.077,-2.690,0.641,-0.077,-0.970,-0.039,slouched,1758906706185
-0.489,-0.139,0.044,-1.671,1.000,-0.097,-2.475,0.402,-0.097,-0.972,-0.049,slouched,1758906707581
-0.224,-0.468,0.531,-1.461,1.000,0.106,-2.657,0.935,0.106,-0.959,0.053,slouched,1758906708553